dong,gu,si_do
천호2동,강동구,서울시
암사1동,강동구,서울시
둔촌2동,강동구,서울시
둔촌1동,강동구,서울시
성내3동,강동구,서울시
성내2동,강동구,서울시
성내1동,강동구,서울시
천호3동,강동구,서울시
천호1동,강동구,서울시
암사3동,강동구,서울시
암사2동,강동구,서울시
고덕2동,강동구,서울시
고덕1동,강동구,서울시
명일2동,강동구,서울시
명일1동,강동구,서울시
상일동,강동구,서울시
강일동,강동구,서울시
위례동,송파구,서울시
장지동,송파구,서울시
잠실3동,송파구,서울시
잠실2동,송파구,서울시
잠실7동,송파구,서울시
잠실6동,송파구,서울시
잠실4동,송파구,서울시
잠실본동,송파구,서울시
문정2동,송파구,서울시
문정1동,송파구,서울시
가락2동,송파구,서울시
가락1동,송파구,서울시
가락본동,송파구,서울시
삼전동,송파구,서울시
석촌동,송파구,서울시
송파2동,송파구,서울시
송파1동,송파구,서울시
오금동,송파구,서울시
오륜동,송파구,서울시
방이2동,송파구,서울시
방이1동,송파구,서울시
마천2동,송파구,서울시
마천1동,송파구,서울시
거여2동,송파구,서울시
거여1동,송파구,서울시
풍납2동,송파구,서울시
풍납1동,송파구,서울시
개포2동,강남구,서울시
대치2동,강남구,서울시
청담동,강남구,서울시
압구정동,강남구,서울시
세곡동,강남구,서울시
수서동,강남구,서울시
일원2동,강남구,서울시
일원1동,강남구,서울시
일원본동,강남구,서울시
개포4동,강남구,서울시
개포1동,강남구,서울시
도곡2동,강남구,서울시
도곡1동,강남구,서울시
역삼2동,강남구,서울시
역삼1동,강남구,서울시
대치4동,강남구,서울시
대치1동,강남구,서울시
삼성2동,강남구,서울시
삼성1동,강남구,서울시
논현2동,강남구,서울시
논현1동,강남구,서울시
신사동,강남구,서울시
내곡동,서초구,서울시
양재2동,서초구,서울시
양재1동,서초구,서울시
방배4동,서초구,서울시
방배3동,서초구,서울시
방배2동,서초구,서울시
방배1동,서초구,서울시
방배본동,서초구,서울시
반포4동,서초구,서울시
반포3동,서초구,서울시
반포2동,서초구,서울시
반포1동,서초구,서울시
반포본동,서초구,서울시
잠원동,서초구,서울시
서초4동,서초구,서울시
서초3동,서초구,서울시
서초2동,서초구,서울시
서초1동,서초구,서울시
미성동,관악구,서울시
삼성동,관악구,서울시
난곡동,관악구,서울시
청룡동,관악구,서울시
성현동,관악구,서울시
은천동,관악구,서울시
대학동,관악구,서울시
조원동,관악구,서울시
난향동,관악구,서울시
신림동,관악구,서울시
신사동,관악구,서울시
서림동,관악구,서울시
신원동,관악구,서울시
서원동,관악구,서울시
남현동,관악구,서울시
인헌동,관악구,서울시
중앙동,관악구,서울시
낙성대동,관악구,서울시
행운동,관악구,서울시
청림동,관악구,서울시
보라매동,관악구,서울시
사당2동,동작구,서울시
노량진1동,동작구,서울시
흑석동,동작구,서울시
신대방2동,동작구,서울시
신대방1동,동작구,서울시
대방동,동작구,서울시
사당5동,동작구,서울시
사당4동,동작구,서울시
사당3동,동작구,서울시
사당1동,동작구,서울시
상도4동,동작구,서울시
상도3동,동작구,서울시
상도2동,동작구,서울시
상도1동,동작구,서울시
노량진2동,동작구,서울시
문래동,영등포구,서울시
도림동,영등포구,서울시
영등포동,영등포구,서울시
영등포본동,영등포구,서울시
대림3동,영등포구,서울시
대림2동,영등포구,서울시
대림1동,영등포구,서울시
신길7동,영등포구,서울시
신길6동,영등포구,서울시
신길5동,영등포구,서울시
신길4동,영등포구,서울시
신길3동,영등포구,서울시
신길1동,영등포구,서울시
양평2동,영등포구,서울시
양평1동,영등포구,서울시
당산2동,영등포구,서울시
당산1동,영등포구,서울시
여의동,영등포구,서울시
시흥5동,금천구,서울시
시흥4동,금천구,서울시
시흥3동,금천구,서울시
시흥2동,금천구,서울시
시흥1동,금천구,서울시
독산4동,금천구,서울시
독산3동,금천구,서울시
독산2동,금천구,서울시
독산1동,금천구,서울시
가산동,금천구,서울시
개봉1동,구로구,서울시
구로2동,구로구,서울시
가리봉동,구로구,서울시
수궁동,구로구,서울시
오류2동,구로구,서울시
오류1동,구로구,서울시
개봉3동,구로구,서울시
개봉2동,구로구,서울시
고척2동,구로구,서울시
고척1동,구로구,서울시
구로5동,구로구,서울시
구로4동,구로구,서울시
구로3동,구로구,서울시
구로1동,구로구,서울시
신도림동,구로구,서울시
우장산동,강서구,서울시
화곡1동,강서구,서울시
방화3동,강서구,서울시
방화2동,강서구,서울시
방화1동,강서구,서울시
공항동,강서구,서울시
발산1동,강서구,서울시
가양3동,강서구,서울시
가양2동,강서구,서울시
가양1동,강서구,서울시
화곡8동,강서구,서울시
화곡6동,강서구,서울시
화곡4동,강서구,서울시
화곡3동,강서구,서울시
화곡2동,강서구,서울시
화곡본동,강서구,서울시
등촌3동,강서구,서울시
등촌2동,강서구,서울시
등촌1동,강서구,서울시
염창동,강서구,서울시
신정4동,양천구,서울시
목5동,양천구,서울시
신정7동,양천구,서울시
신정6동,양천구,서울시
신정3동,양천구,서울시
신정2동,양천구,서울시
신정1동,양천구,서울시
신월7동,양천구,서울시
신월6동,양천구,서울시
신월5동,양천구,서울시
신월4동,양천구,서울시
신월3동,양천구,서울시
신월2동,양천구,서울시
신월1동,양천구,서울시
목4동,양천구,서울시
목3동,양천구,서울시
목2동,양천구,서울시
목1동,양천구,서울시
아현동,마포구,서울시
공덕동,마포구,서울시
서강동,마포구,서울시
도화동,마포구,서울시
상암동,마포구,서울시
성산2동,마포구,서울시
성산1동,마포구,서울시
연남동,마포구,서울시
망원2동,마포구,서울시
망원1동,마포구,서울시
합정동,마포구,서울시
서교동,마포구,서울시
신수동,마포구,서울시
염리동,마포구,서울시
대흥동,마포구,서울시
용강동,마포구,서울시
연희동,서대문구,서울시
신촌동,서대문구,서울시
북아현동,서대문구,서울시
충현동,서대문구,서울시
북가좌2동,서대문구,서울시
북가좌1동,서대문구,서울시
남가좌2동,서대문구,서울시
남가좌1동,서대문구,서울시
홍은2동,서대문구,서울시
홍은1동,서대문구,서울시
홍제2동,서대문구,서울시
홍제3동,서대문구,서울시
홍제1동,서대문구,서울시
천연동,서대문구,서울시
역촌동,은평구,서울시
응암3동,은평구,서울시
불광2동,은평구,서울시
진관동,은평구,서울시
수색동,은평구,서울시
증산동,은평구,서울시
신사2동,은평구,서울시
신사1동,은평구,서울시
응암2동,은평구,서울시
응암1동,은평구,서울시
대조동,은평구,서울시
구산동,은평구,서울시
갈현2동,은평구,서울시
갈현1동,은평구,서울시
불광1동,은평구,서울시
녹번동,은평구,서울시
릉1동,노원구,서울시
계23동,노원구,서울시
계67동,노원구,서울시
계34동,노원구,서울시
계10동,노원구,서울시
계9동,노원구,서울시
계8동,노원구,서울시
계5동,노원구,서울시
계2동,노원구,서울시
계1동,노원구,서울시
계4동,노원구,서울시
계1동,노원구,서울시
계본동,노원구,서울시
계2동,노원구,서울시
계1동,노원구,서울시
릉2동,노원구,서울시
계3동,노원구,서울시
계2동,노원구,서울시
계1동,노원구,서울시
도봉2동,도봉구,서울시
도봉1동,도봉구,서울시
창5동,도봉구,서울시
창4동,도봉구,서울시
창3동,도봉구,서울시
창2동,도봉구,서울시
창1동,도봉구,서울시
방학3동,도봉구,서울시
방학2동,도봉구,서울시
방학1동,도봉구,서울시
쌍문4동,도봉구,서울시
쌍문3동,도봉구,서울시
쌍문2동,도봉구,서울시
쌍문1동,도봉구,서울시
인수동,강북구,서울시
우이동,강북구,서울시
삼각산동,강북구,서울시
송천동,강북구,서울시
송중동,강북구,서울시
미아동,강북구,서울시
삼양동,강북구,서울시
수유3동,강북구,서울시
수유2동,강북구,서울시
수유1동,강북구,서울시
번3동,강북구,서울시
번2동,강북구,서울시
번1동,강북구,서울시
석관동,성북구,서울시
종암동,성북구,서울시
동선동,성북구,서울시
삼선동,성북구,서울시
성북동,성북구,서울시
장위3동,성북구,서울시
장위2동,성북구,서울시
장위1동,성북구,서울시
월곡2동,성북구,서울시
월곡1동,성북구,서울시
길음2동,성북구,서울시
길음1동,성북구,서울시
정릉4동,성북구,서울시
정릉3동,성북구,서울시
정릉2동,성북구,서울시
정릉1동,성북구,서울시
보문동,성북구,서울시
안암동,성북구,서울시
돈암2동,성북구,서울시
돈암1동,성북구,서울시
망우본동,중랑구,서울시
면목38동,중랑구,서울시
면목본동,중랑구,서울시
신내2동,중랑구,서울시
신내1동,중랑구,서울시
망우3동,중랑구,서울시
묵2동,중랑구,서울시
묵1동,중랑구,서울시
중화2동,중랑구,서울시
중화1동,중랑구,서울시
상봉2동,중랑구,서울시
상봉1동,중랑구,서울시
면목7동,중랑구,서울시
면목5동,중랑구,서울시
면목4동,중랑구,서울시
면목2동,중랑구,서울시
답십리1동,동대문구,서울시
이문2동,동대문구,서울시
이문1동,동대문구,서울시
장안2동,동대문구,서울시
장안1동,동대문구,서울시
답십리2동,동대문구,서울시
전농2동,동대문구,서울시
전농1동,동대문구,서울시
제기동,동대문구,서울시
용신동,동대문구,서울시
청량리동,동대문구,서울시
휘경2동,동대문구,서울시
휘경1동,동대문구,서울시
회기동,동대문구,서울시
자양4동,광진구,서울시
자양3동,광진구,서울시
자양2동,광진구,서울시
자양1동,광진구,서울시
광장동,광진구,서울시
구의3동,광진구,서울시
구의2동,광진구,서울시
구의1동,광진구,서울시
능동,광진구,서울시
중곡4동,광진구,서울시
중곡3동,광진구,서울시
중곡2동,광진구,서울시
중곡1동,광진구,서울시
군자동,광진구,서울시
화양동,광진구,서울시
옥수동,성동구,서울시
금호23가동,성동구,서울시
왕십리도선동,성동구,서울시
용답동,성동구,서울시
송정동,성동구,서울시
성수2가3동,성동구,서울시
성수2가1동,성동구,서울시
성수1가2동,성동구,서울시
성수1가1동,성동구,서울시
금호4가동,성동구,서울시
금호1가동,성동구,서울시
응봉동,성동구,서울시
행당2동,성동구,서울시
행당1동,성동구,서울시
사근동,성동구,서울시
마장동,성동구,서울시
왕십리2동,성동구,서울시
한남동,용산구,서울시
한강로동,용산구,서울시
원효로1동,용산구,서울시
청파동,용산구,서울시
보광동,용산구,서울시
서빙고동,용산구,서울시
이태원2동,용산구,서울시
이태원1동,용산구,서울시
이촌2동,용산구,서울시
이촌1동,용산구,서울시
용문동,용산구,서울시
효창동,용산구,서울시
원효로2동,용산구,서울시
남영동,용산구,서울시
용산2가동,용산구,서울시
후암동,용산구,서울시
동화동,중구,서울시
청구동,중구,서울시
약수동,중구,서울시
다산동,중구,서울시
신당동,중구,서울시
중림동,중구,서울시
황학동,중구,서울시
신당5동,중구,서울시
을지로동,중구,서울시
광희동,중구,서울시
장충동,중구,서울시
필동,중구,서울시
명동,중구,서울시
회현동,중구,서울시
소공동,중구,서울시
혜화동,종로구,서울시
청운효자동,종로구,서울시
숭인2동,종로구,서울시
숭인1동,종로구,서울시
창신3동,종로구,서울시
창신2동,종로구,서울시
창신1동,종로구,서울시
이화동,종로구,서울시
종로56가동,종로구,서울시
종로1234가동,종로구,서울시
가회동,종로구,서울시
교남동,종로구,서울시
무악동,종로구,서울시
평창동,종로구,서울시
부암동,종로구,서울시
삼청동,종로구,서울시
사직동,종로구,서울시
